Date,Currency,ExchangeRate
2020-08-16,SEK,10.287375
2020-08-17,SEK,10.309879
2020-08-18,SEK,10.312558
2020-08-19,SEK,10.304694
2020-08-20,SEK,10.327916
2020-08-21,SEK,10.391187
2020-08-22,SEK,10.390745
2020-08-23,SEK,10.344282
2020-08-24,SEK,10.366274
2020-08-25,SEK,10.362145
2020-08-26,SEK,10.316481
2020-08-27,SEK,10.311966
2020-08-28,SEK,10.283903
2020-08-29,SEK,10.283903
2020-08-30,SEK,10.276328
2020-08-31,SEK,10.329438
2020-09-01,SEK,10.343644
2020-09-02,SEK,10.336244
2020-09-03,SEK,10.354372
2020-09-04,SEK,10.350732
2020-09-05,SEK,10.350732
2020-09-06,SEK,10.345754
2020-09-07,SEK,10.362522
2020-09-08,SEK,10.396908
2020-09-09,SEK,10.32064
2020-09-10,SEK,10.366413
2020-09-11,SEK,10.380826
2020-09-12,SEK,10.382491
2020-09-13,SEK,10.400668
2020-09-14,SEK,10.411792
2020-09-15,SEK,10.416804
2020-09-16,SEK,10.397045
2020-09-17,SEK,10.390844
2020-09-18,SEK,10.354131
2020-09-19,SEK,10.3547
2020-09-20,SEK,10.397666
2020-09-21,SEK,10.416731
2020-09-22,SEK,10.436387
2020-09-23,SEK,10.506305
2020-09-24,SEK,10.62694
2020-09-25,SEK,10.624425
2020-09-26,SEK,10.624927
2020-09-27,SEK,10.614985
2020-09-28,SEK,10.555907
2020-09-29,SEK,10.529004
2020-09-30,SEK,10.496003
2020-10-01,SEK,10.480007
2020-10-02,SEK,10.46574
2020-10-03,SEK,10.465874
2020-10-04,SEK,10.471437
2020-10-05,SEK,10.481652
2020-10-06,SEK,10.509771
2020-10-07,SEK,10.451977
2020-10-08,SEK,10.419464
2020-10-09,SEK,10.391982
2020-10-10,SEK,10.393343
2020-10-11,SEK,10.398603
2020-10-12,SEK,10.392248
2020-10-13,SEK,10.373404
2020-10-14,SEK,10.371792
2020-10-15,SEK,10.383991
2020-10-16,SEK,10.380937
2020-10-17,SEK,10.37964
2020-10-18,SEK,10.363579
2020-10-19,SEK,10.392257
2020-10-20,SEK,10.342375
2020-10-21,SEK,10.357613
2020-10-22,SEK,10.353571
2020-10-23,SEK,10.376143
2020-10-24,SEK,10.378069
2020-10-25,SEK,10.386333
2020-10-26,SEK,10.32575
2020-10-27,SEK,10.293737
2020-10-28,SEK,10.394406
2020-10-29,SEK,10.418901
2020-10-30,SEK,10.32913
2020-10-31,SEK,10.330967
2020-11-01,SEK,10.391719
2020-11-02,SEK,10.365637
2020-11-03,SEK,10.344162
2020-11-04,SEK,10.306124
2020-11-05,SEK,10.286127
2020-11-06,SEK,10.262209
2020-11-07,SEK,10.262425
2020-11-08,SEK,10.27573
2020-11-09,SEK,10.192029
2020-11-10,SEK,10.189672
2020-11-11,SEK,10.170303
2020-11-12,SEK,10.199454
2020-11-13,SEK,10.286967
2020-11-14,SEK,10.286849
2020-11-15,SEK,10.270773
2020-11-16,SEK,10.216546
2020-11-17,SEK,10.232349
2020-11-18,SEK,10.193765
2020-11-19,SEK,10.21176
2020-11-20,SEK,10.223017
2020-11-21,SEK,10.223144
2020-11-22,SEK,10.212182
2020-11-23,SEK,10.216592
2020-11-24,SEK,10.160378
2020-11-25,SEK,10.130237
2020-11-26,SEK,10.155276
2020-11-27,SEK,10.16209
2020-11-28,SEK,10.162727
2020-11-29,SEK,10.192283
2020-11-30,SEK,10.231653
2020-12-01,SEK,10.237242
2020-12-02,SEK,10.259963
2020-12-03,SEK,10.266225
2020-12-04,SEK,10.251827
2020-12-05,SEK,10.251827
2020-12-06,SEK,10.256857
2020-12-07,SEK,10.170153
2020-12-08,SEK,10.256234
2020-12-09,SEK,10.257459
2020-12-10,SEK,10.246165
2020-12-11,SEK,10.24645
2020-12-12,SEK,10.246535
2020-12-13,SEK,10.226518
2020-12-14,SEK,10.206476
2020-12-15,SEK,10.181986
2020-12-16,SEK,10.191816
2020-12-17,SEK,10.15175
2020-12-18,SEK,10.118601
2020-12-19,SEK,10.118601
2020-12-20,SEK,10.127096
2020-12-21,SEK,10.095622
2020-12-22,SEK,10.156804
2020-12-23,SEK,10.101857
2020-12-24,SEK,10.073622
2020-12-25,SEK,10.098909
2020-12-26,SEK,10.098909
2020-12-27,SEK,10.074175
2020-12-28,SEK,10.129703
2020-12-29,SEK,10.056374
2020-12-30,SEK,10.079387
2020-12-31,SEK,10.050855
2021-01-01,SEK,10.068538
2021-01-02,SEK,10.034782
2021-01-03,SEK,10.044809
2021-01-04,SEK,10.101033
2021-01-05,SEK,10.061826
2021-01-06,SEK,10.065653
2021-01-07,SEK,10.049978
2021-01-08,SEK,10.072621
2021-01-09,SEK,10.078398
2021-01-10,SEK,10.068581
2021-01-11,SEK,10.090128
2021-01-12,SEK,10.062164
2021-01-13,SEK,10.145418
2021-01-14,SEK,10.093278
2021-01-15,SEK,10.156324
2021-01-16,SEK,10.138566
2021-01-17,SEK,10.126195
2021-01-18,SEK,10.135045
2021-01-19,SEK,10.099521
2021-01-20,SEK,10.108091
2021-01-21,SEK,10.068095
2021-01-22,SEK,10.102887
2021-01-23,SEK,10.102887
2021-01-24,SEK,10.108996
2021-01-25,SEK,10.067772
2021-01-26,SEK,10.094064
2021-01-27,SEK,10.125669
2021-01-28,SEK,10.10909
2021-01-29,SEK,10.146722
2021-01-30,SEK,10.147011
2021-01-31,SEK,10.150234
2021-02-01,SEK,10.162738
2021-02-02,SEK,10.114146
2021-02-03,SEK,10.11985
2021-02-04,SEK,10.122491
2021-02-05,SEK,10.088429
2021-02-06,SEK,10.088429
2021-02-07,SEK,10.101173
2021-02-08,SEK,10.114384
2021-02-09,SEK,10.085159
2021-02-10,SEK,10.08709
2021-02-11,SEK,10.104883
2021-02-12,SEK,10.062633
2021-02-13,SEK,10.063287
2021-02-14,SEK,10.064845
2021-02-15,SEK,10.044781
2021-02-16,SEK,10.031974
2021-02-17,SEK,10.02774
2021-02-18,SEK,10.056296
2021-02-19,SEK,10.030592
2021-02-20,SEK,10.030882
2021-02-21,SEK,10.032124
2021-02-22,SEK,10.069148
2021-02-23,SEK,10.06255
2021-02-24,SEK,10.070782
2021-02-25,SEK,10.092222
2021-02-26,SEK,10.186438
2021-02-27,SEK,10.186456
2021-02-28,SEK,10.185142
2021-03-01,SEK,10.160028
2021-03-02,SEK,10.137736
2021-03-03,SEK,10.154162
2021-03-04,SEK,10.168608
2021-03-05,SEK,10.165944
2021-03-06,SEK,10.165944
2021-03-07,SEK,10.173532
2021-03-08,SEK,10.168638
2021-03-09,SEK,10.121663
2021-03-10,SEK,10.114641
2021-03-11,SEK,10.135852
2021-03-12,SEK,10.131899
2021-03-13,SEK,10.131759
2021-03-14,SEK,10.148838
2021-03-15,SEK,10.155037
2021-03-16,SEK,10.113164
2021-03-17,SEK,10.125612
2021-03-18,SEK,10.153671
2021-03-19,SEK,10.136832
2021-03-20,SEK,10.136832
2021-03-21,SEK,10.166887
2021-03-22,SEK,10.157806
2021-03-23,SEK,10.18538
2021-03-24,SEK,10.171257
2021-03-25,SEK,10.184098
2021-03-26,SEK,10.190538
2021-03-27,SEK,10.190538
2021-03-28,SEK,10.19885
2021-03-29,SEK,10.226092
2021-03-30,SEK,10.237075
2021-03-31,SEK,10.240305
2021-04-01,SEK,10.262146
2021-04-02,SEK,10.259037
2021-04-03,SEK,10.25799
2021-04-04,SEK,10.259459
2021-04-05,SEK,10.280118
2021-04-06,SEK,10.22959
2021-04-07,SEK,10.239918
2021-04-08,SEK,10.171469
2021-04-09,SEK,10.159472
2021-04-10,SEK,10.162758
2021-04-11,SEK,10.163481
2021-04-12,SEK,10.216993
2021-04-13,SEK,10.171152
2021-04-14,SEK,10.143198
2021-04-15,SEK,10.112469
2021-04-16,SEK,10.107971
2021-04-17,SEK,10.107134
2021-04-18,SEK,10.112502
2021-04-19,SEK,10.109821
2021-04-20,SEK,10.152255
2021-04-21,SEK,10.116479
2021-04-22,SEK,10.131507
2021-04-23,SEK,10.144955
2021-04-24,SEK,10.143823
2021-04-25,SEK,10.143432
2021-04-26,SEK,10.129448
2021-04-27,SEK,10.124063
2021-04-28,SEK,10.115923
2021-04-29,SEK,10.14495
2021-04-30,SEK,10.179555
2021-05-01,SEK,10.168884
2021-05-02,SEK,10.179468
2021-05-03,SEK,10.154468
2021-05-04,SEK,10.192588
2021-05-05,SEK,10.188407
2021-05-06,SEK,10.167213
2021-05-07,SEK,10.10462
2021-05-08,SEK,10.104924
2021-05-09,SEK,10.109843
2021-05-10,SEK,10.122546
2021-05-11,SEK,10.1062
2021-05-12,SEK,10.174708
2021-05-13,SEK,10.151859
2021-05-14,SEK,10.127054
2021-05-15,SEK,10.128284
2021-05-16,SEK,10.111626
2021-05-17,SEK,10.126179
2021-05-18,SEK,10.124904
2021-05-19,SEK,10.170909
2021-05-20,SEK,10.149803
2021-05-21,SEK,10.146433
2021-05-22,SEK,10.146433
2021-05-23,SEK,10.137692
2021-05-24,SEK,10.152029
2021-05-25,SEK,10.113922
2021-05-26,SEK,10.138276
2021-05-27,SEK,10.094906
2021-05-28,SEK,10.130099
2021-05-29,SEK,10.13012
2021-05-30,SEK,10.12402
2021-05-31,SEK,10.134875
2021-06-01,SEK,10.107349
2021-06-02,SEK,10.098544
2021-06-03,SEK,10.106416
2021-06-04,SEK,10.066023
2021-06-05,SEK,10.065436
2021-06-06,SEK,10.069375
2021-06-07,SEK,10.06942
2021-06-08,SEK,10.070689
2021-06-09,SEK,10.065894
2021-06-10,SEK,10.044364
2021-06-11,SEK,10.083335
2021-06-12,SEK,10.083335
2021-06-13,SEK,10.074528
2021-06-14,SEK,10.087398
2021-06-15,SEK,10.093142
2021-06-16,SEK,10.147908
2021-06-17,SEK,10.185664
2021-06-18,SEK,10.213417
2021-06-19,SEK,10.21415
2021-06-20,SEK,10.216645
2021-06-21,SEK,10.169904
2021-06-22,SEK,10.125886
2021-06-23,SEK,10.119636
2021-06-24,SEK,10.113044
2021-06-25,SEK,10.138519
2021-06-26,SEK,10.13733
2021-06-27,SEK,10.138039
2021-06-28,SEK,10.154134
2021-06-29,SEK,10.147715
2021-06-30,SEK,10.141802
2021-07-01,SEK,10.160394
2021-07-02,SEK,10.129284
2021-07-03,SEK,10.135667
2021-07-04,SEK,10.136429
2021-07-05,SEK,10.149163
2021-07-06,SEK,10.166035
2021-07-07,SEK,10.17675
2021-07-08,SEK,10.184311
2021-07-09,SEK,10.176314
2021-07-10,SEK,10.27111
2021-07-11,SEK,10.189971
2021-07-12,SEK,10.18689
2021-07-13,SEK,10.18784
2021-07-14,SEK,10.203794
2021-07-15,SEK,10.234094
2021-07-16,SEK,10.251932
2021-07-17,SEK,10.247335
2021-07-18,SEK,10.249076
2021-07-19,SEK,10.246298
2021-07-20,SEK,10.246058
2021-07-21,SEK,10.243517
2021-07-22,SEK,10.219402
2021-07-23,SEK,10.228903
2021-07-24,SEK,10.224062
2021-07-25,SEK,10.233979
2021-07-26,SEK,10.183799
2021-07-27,SEK,10.188709
2021-07-28,SEK,10.173204
2021-07-29,SEK,10.167412
2021-07-30,SEK,10.197652
2021-07-31,SEK,10.198094
2021-08-01,SEK,10.193334
2021-08-02,SEK,10.201051
2021-08-03,SEK,10.211175
2021-08-04,SEK,10.183301
2021-08-05,SEK,10.187335
2021-08-06,SEK,10.197415
2021-08-07,SEK,10.192367
2021-08-08,SEK,10.192758
2021-08-09,SEK,10.213823
2021-08-10,SEK,10.213682
2021-08-11,SEK,10.193867
2021-08-12,SEK,10.19198
2021-08-13,SEK,10.184455
2021-08-14,SEK,10.188378
2021-08-15,SEK,10.181967
2021-08-16,SEK,10.184992
2020-08-16,PLN,4.3972
2020-08-17,PLN,4.394445
2020-08-18,PLN,4.377838
2020-08-19,PLN,4.401521
2020-08-20,PLN,4.383161
2020-08-21,PLN,4.415527
2020-08-22,PLN,4.41534
2020-08-23,PLN,4.411605
2020-08-24,PLN,4.394208
2020-08-25,PLN,4.39872
2020-08-26,PLN,4.412668
2020-08-27,PLN,4.41028
2020-08-28,PLN,4.38807
2020-08-29,PLN,4.38807
2020-08-30,PLN,4.38707
2020-08-31,PLN,4.397217
2020-09-01,PLN,4.388883
2020-09-02,PLN,4.413193
2020-09-03,PLN,4.436144
2020-09-04,PLN,4.45656
2020-09-05,PLN,4.45656
2020-09-06,PLN,4.464044
2020-09-07,PLN,4.435467
2020-09-08,PLN,4.452718
2020-09-09,PLN,4.44055
2020-09-10,PLN,4.451724
2020-09-11,PLN,4.447611
2020-09-12,PLN,4.448324
2020-09-13,PLN,4.449082
2020-09-14,PLN,4.446303
2020-09-15,PLN,4.455607
2020-09-16,PLN,4.450333
2020-09-17,PLN,4.454732
2020-09-18,PLN,4.459808
2020-09-19,PLN,4.460053
2020-09-20,PLN,4.458799
2020-09-21,PLN,4.494563
2020-09-22,PLN,4.483852
2020-09-23,PLN,4.513665
2020-09-24,PLN,4.551354
2020-09-25,PLN,4.550185
2020-09-26,PLN,4.5504
2020-09-27,PLN,4.551399
2020-09-28,PLN,4.586495
2020-09-29,PLN,4.528699
2020-09-30,PLN,4.530875
2020-10-01,PLN,4.48154
2020-10-02,PLN,4.503449
2020-10-03,PLN,4.503507
2020-10-04,PLN,4.500508
2020-10-05,PLN,4.49453
2020-10-06,PLN,4.490804
2020-10-07,PLN,4.483247
2020-10-08,PLN,4.487131
2020-10-09,PLN,4.470115
2020-10-10,PLN,4.470701
2020-10-11,PLN,4.465969
2020-10-12,PLN,4.457233
2020-10-13,PLN,4.494367
2020-10-14,PLN,4.514825
2020-10-15,PLN,4.544012
2020-10-16,PLN,4.548367
2020-10-17,PLN,4.547799
2020-10-18,PLN,4.546851
2020-10-19,PLN,4.57217
2020-10-20,PLN,4.562765
2020-10-21,PLN,4.570249
2020-10-22,PLN,4.572431
2020-10-23,PLN,4.567959
2020-10-24,PLN,4.568806
2020-10-25,PLN,4.56883
2020-10-26,PLN,4.579095
2020-10-27,PLN,4.586285
2020-10-28,PLN,4.631875
2020-10-29,PLN,4.625765
2020-10-30,PLN,4.618974
2020-10-31,PLN,4.619796
2020-11-01,PLN,4.607838
2020-11-02,PLN,4.601232
2020-11-03,PLN,4.542664
2020-11-04,PLN,4.538562
2020-11-05,PLN,4.52742
2020-11-06,PLN,4.501578
2020-11-07,PLN,4.501673
2020-11-08,PLN,4.504658
2020-11-09,PLN,4.481579
2020-11-10,PLN,4.500505
2020-11-11,PLN,4.482345
2020-11-12,PLN,4.49096
2020-11-13,PLN,4.481153
2020-11-14,PLN,4.483508
2020-11-15,PLN,4.484271
2020-11-16,PLN,4.470129
2020-11-17,PLN,4.489516
2020-11-18,PLN,4.466406
2020-11-19,PLN,4.469377
2020-11-20,PLN,4.47039
2020-11-21,PLN,4.470445
2020-11-22,PLN,4.466842
2020-11-23,PLN,4.470654
2020-11-24,PLN,4.465127
2020-11-25,PLN,4.464583
2020-11-26,PLN,4.475702
2020-11-27,PLN,4.483314
2020-11-28,PLN,4.483595
2020-11-29,PLN,4.488852
2020-11-30,PLN,4.479056
2020-12-01,PLN,4.449515
2020-12-02,PLN,4.477658
2020-12-03,PLN,4.469439
2020-12-04,PLN,4.46989
2020-12-05,PLN,4.46989
2020-12-06,PLN,4.470815
2020-12-07,PLN,4.474482
2020-12-08,PLN,4.448405
2020-12-09,PLN,4.43343
2020-12-10,PLN,4.42734
2020-12-11,PLN,4.44684
2020-12-12,PLN,4.446877
2020-12-13,PLN,4.443412
2020-12-14,PLN,4.440812
2020-12-15,PLN,4.439625
2020-12-16,PLN,4.438473
2020-12-17,PLN,4.439255
2020-12-18,PLN,4.472915
2020-12-19,PLN,4.472915
2020-12-20,PLN,4.478778
2020-12-21,PLN,4.496167
2020-12-22,PLN,4.50546
2020-12-23,PLN,4.503364
2020-12-24,PLN,4.502832
2020-12-25,PLN,4.508582
2020-12-26,PLN,4.508582
2020-12-27,PLN,4.501784
2020-12-28,PLN,4.492649
2020-12-29,PLN,4.537993
2020-12-30,PLN,4.580662
2020-12-31,PLN,4.561153
2021-01-01,PLN,4.570522
2021-01-02,PLN,4.555199
2021-01-03,PLN,4.561864
2021-01-04,PLN,4.556825
2021-01-05,PLN,4.535808
2021-01-06,PLN,4.5237
2021-01-07,PLN,4.518626
2021-01-08,PLN,4.509995
2021-01-09,PLN,4.513164
2021-01-10,PLN,4.512085
2021-01-11,PLN,4.524781
2021-01-12,PLN,4.522173
2021-01-13,PLN,4.540579
2021-01-14,PLN,4.541078
2021-01-15,PLN,4.534625
2021-01-16,PLN,4.533069
2021-01-17,PLN,4.537931
2021-01-18,PLN,4.535688
2021-01-19,PLN,4.534362
2021-01-20,PLN,4.534999
2021-01-21,PLN,4.532503
2021-01-22,PLN,4.540845
2021-01-23,PLN,4.540845
2021-01-24,PLN,4.538626
2021-01-25,PLN,4.540262
2021-01-26,PLN,4.543252
2021-01-27,PLN,4.548521
2021-01-28,PLN,4.541594
2021-01-29,PLN,4.522586
2021-01-30,PLN,4.5226
2021-01-31,PLN,4.520081
2021-02-01,PLN,4.510487
2021-02-02,PLN,4.481332
2021-02-03,PLN,4.484953
2021-02-04,PLN,4.500677
2021-02-05,PLN,4.483452
2021-02-06,PLN,4.483452
2021-02-07,PLN,4.487765
2021-02-08,PLN,4.476167
2021-02-09,PLN,4.47502
2021-02-10,PLN,4.49128
2021-02-11,PLN,4.502609
2021-02-12,PLN,4.497182
2021-02-13,PLN,4.4975
2021-02-14,PLN,4.498463
2021-02-15,PLN,4.484202
2021-02-16,PLN,4.494299
2021-02-17,PLN,4.491552
2021-02-18,PLN,4.489186
2021-02-19,PLN,4.485344
2021-02-20,PLN,4.485473
2021-02-21,PLN,4.485274
2021-02-22,PLN,4.494269
2021-02-23,PLN,4.507889
2021-02-24,PLN,4.506586
2021-02-25,PLN,4.518762
2021-02-26,PLN,4.521356
2021-02-27,PLN,4.521364
2021-02-28,PLN,4.52107
2021-03-01,PLN,4.534297
2021-03-02,PLN,4.539833
2021-03-03,PLN,4.543449
2021-03-04,PLN,4.563065
2021-03-05,PLN,4.589873
2021-03-06,PLN,4.589873
2021-03-07,PLN,4.587914
2021-03-08,PLN,4.597518
2021-03-09,PLN,4.569632
2021-03-10,PLN,4.576383
2021-03-11,PLN,4.583378
2021-03-12,PLN,4.58252
2021-03-13,PLN,4.582457
2021-03-14,PLN,4.582274
2021-03-15,PLN,4.590306
2021-03-16,PLN,4.595688
2021-03-17,PLN,4.596724
2021-03-18,PLN,4.621178
2021-03-19,PLN,4.631512
2021-03-20,PLN,4.631512
2021-03-21,PLN,4.622134
2021-03-22,PLN,4.596466
2021-03-23,PLN,4.619237
2021-03-24,PLN,4.627801
2021-03-25,PLN,4.633721
2021-03-26,PLN,4.641981
2021-03-27,PLN,4.641981
2021-03-28,PLN,4.634635
2021-03-29,PLN,4.668054
2021-03-30,PLN,4.657237
2021-03-31,PLN,4.631554
2021-04-01,PLN,4.589208
2021-04-02,PLN,4.595239
2021-04-03,PLN,4.59477
2021-04-04,PLN,4.603729
2021-04-05,PLN,4.590995
2021-04-06,PLN,4.590934
2021-04-07,PLN,4.57371
2021-04-08,PLN,4.544746
2021-04-09,PLN,4.530932
2021-04-10,PLN,4.544337
2021-04-11,PLN,4.532092
2021-04-12,PLN,4.532008
2021-04-13,PLN,4.566358
2021-04-14,PLN,4.554885
2021-04-15,PLN,4.552076
2021-04-16,PLN,4.543108
2021-04-17,PLN,4.5427
2021-04-18,PLN,4.54279
2021-04-19,PLN,4.551302
2021-04-20,PLN,4.552352
2021-04-21,PLN,4.556225
2021-04-22,PLN,4.564658
2021-04-23,PLN,4.556356
2021-04-24,PLN,4.555847
2021-04-25,PLN,4.551612
2021-04-26,PLN,4.557991
2021-04-27,PLN,4.569282
2021-04-28,PLN,4.576496
2021-04-29,PLN,4.5676
2021-04-30,PLN,4.55933
2021-05-01,PLN,4.556703
2021-05-02,PLN,4.559914
2021-05-03,PLN,4.542569
2021-05-04,PLN,4.555111
2021-05-05,PLN,4.571917
2021-05-06,PLN,4.570862
2021-05-07,PLN,4.552157
2021-05-08,PLN,4.552157
2021-05-09,PLN,4.553129
2021-05-10,PLN,4.56102
2021-05-11,PLN,4.541351
2021-05-12,PLN,4.55498
2021-05-13,PLN,4.526907
2021-05-14,PLN,4.528352
2021-05-15,PLN,4.528902
2021-05-16,PLN,4.528938
2021-05-17,PLN,4.528709
2021-05-18,PLN,4.523455
2021-05-19,PLN,4.524884
2021-05-20,PLN,4.492477
2021-05-21,PLN,4.496874
2021-05-22,PLN,4.496874
2021-05-23,PLN,4.493854
2021-05-24,PLN,4.483999
2021-05-25,PLN,4.483069
2021-05-26,PLN,4.501453
2021-05-27,PLN,4.491252
2021-05-28,PLN,4.48529
2021-05-29,PLN,4.485299
2021-05-30,PLN,4.48361
2021-05-31,PLN,4.478995
2021-06-01,PLN,4.461762
2021-06-02,PLN,4.456963
2021-06-03,PLN,4.458577
2021-06-04,PLN,4.460457
2021-06-05,PLN,4.460197
2021-06-06,PLN,4.458318
2021-06-07,PLN,4.465206
2021-06-08,PLN,4.463012
2021-06-09,PLN,4.471764
2021-06-10,PLN,4.468442
2021-06-11,PLN,4.50235
2021-06-12,PLN,4.501684
2021-06-13,PLN,4.498481
2021-06-14,PLN,4.516508
2021-06-15,PLN,4.526887
2021-06-16,PLN,4.525673
2021-06-17,PLN,4.558258
2021-06-18,PLN,4.552618
2021-06-19,PLN,4.552944
2021-06-20,PLN,4.553213
2021-06-21,PLN,4.527916
2021-06-22,PLN,4.514515
2021-06-23,PLN,4.530643
2021-06-24,PLN,4.518746
2021-06-25,PLN,4.515717
2021-06-26,PLN,4.515188
2021-06-27,PLN,4.514275
2021-06-28,PLN,4.501951
2021-06-29,PLN,4.519541
2021-06-30,PLN,4.523538
2021-07-01,PLN,4.514459
2021-07-02,PLN,4.509948
2021-07-03,PLN,4.510067
2021-07-04,PLN,4.513422
2021-07-05,PLN,4.504243
2021-07-06,PLN,4.514045
2021-07-07,PLN,4.532605
2021-07-08,PLN,4.541813
2021-07-09,PLN,4.547872
2021-07-10,PLN,4.5505
2021-07-11,PLN,4.544479
2021-07-12,PLN,4.552108
2021-07-13,PLN,4.580913
2021-07-14,PLN,4.568281
2021-07-15,PLN,4.579952
2021-07-16,PLN,4.584729
2021-07-17,PLN,4.583122
2021-07-18,PLN,4.582781
2021-07-19,PLN,4.5968
2021-07-20,PLN,4.592084
2021-07-21,PLN,4.578527
2021-07-22,PLN,4.56377
2021-07-23,PLN,4.573078
2021-07-24,PLN,4.571799
2021-07-25,PLN,4.577745
2021-07-26,PLN,4.591904
2021-07-27,PLN,4.596867
2021-07-28,PLN,4.591026
2021-07-29,PLN,4.568697
2021-07-30,PLN,4.566895
2021-07-31,PLN,4.566104
2021-08-01,PLN,4.563352
2021-08-02,PLN,4.559594
2021-08-03,PLN,4.552026
2021-08-04,PLN,4.53822
2021-08-05,PLN,4.540068
2021-08-06,PLN,4.570412
2021-08-07,PLN,4.572804
2021-08-08,PLN,4.574674
2021-08-09,PLN,4.56324
2021-08-10,PLN,4.575204
2021-08-11,PLN,4.577408
2021-08-12,PLN,4.574224
2021-08-13,PLN,4.564855
2021-08-14,PLN,4.566902
2021-08-15,PLN,4.564126
2021-08-16,PLN,4.559297
2020-08-16,NOK,10.539547
2020-08-17,NOK,10.502617
2020-08-18,NOK,10.547718
2020-08-19,NOK,10.550307
2020-08-20,NOK,10.573896
2020-08-21,NOK,10.628335
2020-08-22,NOK,10.627883
2020-08-23,NOK,10.631538
2020-08-24,NOK,10.618252
2020-08-25,NOK,10.599508
2020-08-26,NOK,10.50524
2020-08-27,NOK,10.531239
2020-08-28,NOK,10.47442
2020-08-29,NOK,10.47442
2020-08-30,NOK,10.469287
2020-08-31,NOK,10.432164
2020-09-01,NOK,10.43662
2020-09-02,NOK,10.485563
2020-09-03,NOK,10.573881
2020-09-04,NOK,10.549669
2020-09-05,NOK,10.549669
2020-09-06,NOK,10.584522
2020-09-07,NOK,10.5565
2020-09-08,NOK,10.774478
2020-09-09,NOK,10.640196
2020-09-10,NOK,10.717451
2020-09-11,NOK,10.701907
2020-09-12,NOK,10.703624
2020-09-13,NOK,10.702382
2020-09-14,NOK,10.721944
2020-09-15,NOK,10.704344
2020-09-16,NOK,10.671417
2020-09-17,NOK,10.722132
2020-09-18,NOK,10.768089
2020-09-19,NOK,10.76868
2020-09-20,NOK,10.768338
2020-09-21,NOK,10.936979
2020-09-22,NOK,10.945935
2020-09-23,NOK,11.064957
2020-09-24,NOK,11.091069
2020-09-25,NOK,11.127621
2020-09-26,NOK,11.128147
2020-09-27,NOK,11.139707
2020-09-28,NOK,11.056964
2020-09-29,NOK,11.057066
2020-09-30,NOK,10.934541
2020-10-01,NOK,10.929112
2020-10-02,NOK,10.935166
2020-10-03,NOK,10.935306
2020-10-04,NOK,10.913484
2020-10-05,NOK,10.84336
2020-10-06,NOK,10.993891
2020-10-07,NOK,10.939958
2020-10-08,NOK,10.885643
2020-10-09,NOK,10.812572
2020-10-10,NOK,10.813989
2020-10-11,NOK,10.805521
2020-10-12,NOK,10.793767
2020-10-13,NOK,10.854062
2020-10-14,NOK,10.864838
2020-10-15,NOK,10.966914
2020-10-16,NOK,10.990433
2020-10-17,NOK,10.98906
2020-10-18,NOK,10.958421
2020-10-19,NOK,10.98484
2020-10-20,NOK,10.974993
2020-10-21,NOK,10.936949
2020-10-22,NOK,10.925202
2020-10-23,NOK,10.956361
2020-10-24,NOK,10.958394
2020-10-25,NOK,10.972854
2020-10-26,NOK,10.915532
2020-10-27,NOK,10.839883
2020-10-28,NOK,11.000391
2020-10-29,NOK,11.149037
2020-10-30,NOK,11.109066
2020-10-31,NOK,11.111042
2020-11-01,NOK,11.111607
2020-11-02,NOK,11.125209
2020-11-03,NOK,10.994795
2020-11-04,NOK,10.948758
2020-11-05,NOK,10.846757
2020-11-06,NOK,10.880558
2020-11-07,NOK,10.880787
2020-11-08,NOK,10.876306
2020-11-09,NOK,10.687358
2020-11-10,NOK,10.653757
2020-11-11,NOK,10.698069
2020-11-12,NOK,10.829019
2020-11-13,NOK,10.845451
2020-11-14,NOK,10.844552
2020-11-15,NOK,10.839271
2020-11-16,NOK,10.74372
2020-11-17,NOK,10.761119
2020-11-18,NOK,10.686803
2020-11-19,NOK,10.693436
2020-11-20,NOK,10.696542
2020-11-21,NOK,10.696675
2020-11-22,NOK,10.687746
2020-11-23,NOK,10.695919
2020-11-24,NOK,10.588168
2020-11-25,NOK,10.529397
2020-11-26,NOK,10.586469
2020-11-27,NOK,10.558358
2020-11-28,NOK,10.559021
2020-11-29,NOK,10.566546
2020-11-30,NOK,10.617425
2020-12-01,NOK,10.62666
2020-12-02,NOK,10.659198
2020-12-03,NOK,10.64871
2020-12-04,NOK,10.66849
2020-12-05,NOK,10.66849
2020-12-06,NOK,10.678728
2020-12-07,NOK,10.592893
2020-12-08,NOK,10.617003
2020-12-09,NOK,10.668675
2020-12-10,NOK,10.646499
2020-12-11,NOK,10.681737
2020-12-12,NOK,10.681825
2020-12-13,NOK,10.651092
2020-12-14,NOK,10.611559
2020-12-15,NOK,10.612256
2020-12-16,NOK,10.575396
2020-12-17,NOK,10.506167
2020-12-18,NOK,10.52462
2020-12-19,NOK,10.52462
2020-12-20,NOK,10.539621
2020-12-21,NOK,10.585874
2020-12-22,NOK,10.638862
2020-12-23,NOK,10.535392
2020-12-24,NOK,10.587897
2020-12-25,NOK,10.546123
2020-12-26,NOK,10.546123
2020-12-27,NOK,10.547143
2020-12-28,NOK,10.554769
2020-12-29,NOK,10.553944
2020-12-30,NOK,10.498874
2020-12-31,NOK,10.474541
2021-01-01,NOK,10.511397
2021-01-02,NOK,10.476156
2021-01-03,NOK,10.467396
2021-01-04,NOK,10.478025
2021-01-05,NOK,10.411877
2021-01-06,NOK,10.365834
2021-01-07,NOK,10.348311
2021-01-08,NOK,10.295686
2021-01-09,NOK,10.295526
2021-01-10,NOK,10.311703
2021-01-11,NOK,10.387414
2021-01-12,NOK,10.320259
2021-01-13,NOK,10.299947
2021-01-14,NOK,10.281701
2021-01-15,NOK,10.34811
2021-01-16,NOK,10.352374
2021-01-17,NOK,10.344021
2021-01-18,NOK,10.382249
2021-01-19,NOK,10.360239
2021-01-20,NOK,10.288205
2021-01-21,NOK,10.230675
2021-01-22,NOK,10.340168
2021-01-23,NOK,10.340168
2021-01-24,NOK,10.344628
2021-01-25,NOK,10.366298
2021-01-26,NOK,10.389304
2021-01-27,NOK,10.476354
2021-01-28,NOK,10.421933
2021-01-29,NOK,10.389404
2021-01-30,NOK,10.389233
2021-01-31,NOK,10.410071
2021-02-01,NOK,10.371079
2021-02-02,NOK,10.36654
2021-02-03,NOK,10.341368
2021-02-04,NOK,10.325007
2021-02-05,NOK,10.271514
2021-02-06,NOK,10.271514
2021-02-07,NOK,10.283214
2021-02-08,NOK,10.250535
2021-02-09,NOK,10.243993
2021-02-10,NOK,10.262816
2021-02-11,NOK,10.286827
2021-02-12,NOK,10.239709
2021-02-13,NOK,10.241216
2021-02-14,NOK,10.257154
2021-02-15,NOK,10.177236
2021-02-16,NOK,10.21692
2021-02-17,NOK,10.233518
2021-02-18,NOK,10.2357
2021-02-19,NOK,10.256348
2021-02-20,NOK,10.256645
2021-02-21,NOK,10.258468
2021-02-22,NOK,10.32859
2021-02-23,NOK,10.296104
2021-02-24,NOK,10.195437
2021-02-25,NOK,10.328243
2021-02-26,NOK,10.453092
2021-02-27,NOK,10.453111
2021-02-28,NOK,10.460884
2021-03-01,NOK,10.317551
2021-03-02,NOK,10.242168
2021-03-03,NOK,10.253356
2021-03-04,NOK,10.266604
2021-03-05,NOK,10.197083
2021-03-06,NOK,10.197083
2021-03-07,NOK,10.192615
2021-03-08,NOK,10.121484
2021-03-09,NOK,10.076153
2021-03-10,NOK,10.069173
2021-03-11,NOK,10.096763
2021-03-12,NOK,10.077326
2021-03-13,NOK,10.077187
2021-03-14,NOK,10.075234
2021-03-15,NOK,10.09032
2021-03-16,NOK,10.091529
2021-03-17,NOK,10.070864
2021-03-18,NOK,10.149428
2021-03-19,NOK,10.207369
2021-03-20,NOK,10.207369
2021-03-21,NOK,10.174578
2021-03-22,NOK,10.14497
2021-03-23,NOK,10.237832
2021-03-24,NOK,10.162628
2021-03-25,NOK,10.17436
2021-03-26,NOK,10.180389
2021-03-27,NOK,10.180389
2021-03-28,NOK,10.140574
2021-03-29,NOK,10.059289
2021-03-30,NOK,10.022932
2021-03-31,NOK,10.028245
2021-04-01,NOK,10.043897
2021-04-02,NOK,10.034935
2021-04-03,NOK,10.033911
2021-04-04,NOK,10.038992
2021-04-05,NOK,10.040082
2021-04-06,NOK,10.083946
2021-04-07,NOK,10.067732
2021-04-08,NOK,10.076151
2021-04-09,NOK,10.102708
2021-04-10,NOK,10.102164
2021-04-11,NOK,10.117716
2021-04-12,NOK,10.109856
2021-04-13,NOK,10.121977
2021-04-14,NOK,10.05418
2021-04-15,NOK,10.029874
2021-04-16,NOK,10.028867
2021-04-17,NOK,10.03009
2021-04-18,NOK,10.030317
2021-04-19,NOK,9.984407
2021-04-20,NOK,10.056353
2021-04-21,NOK,10.042308
2021-04-22,NOK,10.046968
2021-04-23,NOK,10.035403
2021-04-24,NOK,10.039606
2021-04-25,NOK,10.036705
2021-04-26,NOK,10.017569
2021-04-27,NOK,10.004502
2021-04-28,NOK,9.919975
2021-04-29,NOK,9.927889
2021-04-30,NOK,10.000831
2021-05-01,NOK,10.023244
2021-05-02,NOK,9.993342
2021-05-03,NOK,9.99497
2021-05-04,NOK,10.007439
2021-05-05,NOK,10.022062
2021-05-06,NOK,10.019774
2021-05-07,NOK,9.984812
2021-05-08,NOK,9.996488
2021-05-09,NOK,9.997906
2021-05-10,NOK,10.036077
2021-05-11,NOK,10.038788
2021-05-12,NOK,10.077581
2021-05-13,NOK,10.090106
2021-05-14,NOK,9.992263
2021-05-15,NOK,9.993476
2021-05-16,NOK,9.990255
2021-05-17,NOK,10.037567
2021-05-18,NOK,10.058071
2021-05-19,NOK,10.135254
2021-05-20,NOK,10.146695
2021-05-21,NOK,10.227098
2021-05-22,NOK,10.227098
2021-05-23,NOK,10.218452
2021-05-24,NOK,10.172501
2021-05-25,NOK,10.178963
2021-05-26,NOK,10.201648
2021-05-27,NOK,10.178324
2021-05-28,NOK,10.20618
2021-05-29,NOK,10.206201
2021-05-30,NOK,10.188669
2021-05-31,NOK,10.166764
2021-06-01,NOK,10.167939
2021-06-02,NOK,10.137372
2021-06-03,NOK,10.161345
2021-06-04,NOK,10.106613
2021-06-05,NOK,10.106024
2021-06-06,NOK,10.117691
2021-06-07,NOK,10.074083
2021-06-08,NOK,10.067212
2021-06-09,NOK,10.078419
2021-06-10,NOK,10.072272
2021-06-11,NOK,10.095959
2021-06-12,NOK,10.095959
2021-06-13,NOK,10.084832
2021-06-14,NOK,10.080052
2021-06-15,NOK,10.087279
2021-06-16,NOK,10.166198
2021-06-17,NOK,10.174653
2021-06-18,NOK,10.289332
2021-06-19,NOK,10.290069
2021-06-20,NOK,10.293355
2021-06-21,NOK,10.221901
2021-06-22,NOK,10.197449
2021-06-23,NOK,10.18546
2021-06-24,NOK,10.145515
2021-06-25,NOK,10.13637
2021-06-26,NOK,10.135181
2021-06-27,NOK,10.141525
2021-06-28,NOK,10.166021
2021-06-29,NOK,10.182994
2021-06-30,NOK,10.207179
2021-07-01,NOK,10.220422
2021-07-02,NOK,10.192737
2021-07-03,NOK,10.198432
2021-07-04,NOK,10.21218
2021-07-05,NOK,10.166428
2021-07-06,NOK,10.295364
2021-07-07,NOK,10.300323
2021-07-08,NOK,10.407708
2021-07-09,NOK,10.295189
2021-07-10,NOK,10.28952
2021-07-11,NOK,10.309142
2021-07-12,NOK,10.317051
2021-07-13,NOK,10.343012
2021-07-14,NOK,10.34042
2021-07-15,NOK,10.41972
2021-07-16,NOK,10.454552
2021-07-17,NOK,10.441935
2021-07-18,NOK,10.447978
2021-07-19,NOK,10.559143
2021-07-20,NOK,10.604654
2021-07-21,NOK,10.471093
2021-07-22,NOK,10.421737
2021-07-23,NOK,10.437435
2021-07-24,NOK,10.427474
2021-07-25,NOK,10.424202
2021-07-26,NOK,10.404428
2021-07-27,NOK,10.498077
2021-07-28,NOK,10.417561
2021-07-29,NOK,10.376277
2021-07-30,NOK,10.461253
2021-07-31,NOK,10.461429
2021-08-01,NOK,10.467428
2021-08-02,NOK,10.479005
2021-08-03,NOK,10.459355
2021-08-04,NOK,10.463339
2021-08-05,NOK,10.420185
2021-08-06,NOK,10.45146
2021-08-07,NOK,10.448341
2021-08-08,NOK,10.464913
2021-08-09,NOK,10.499141
2021-08-10,NOK,10.456194
2021-08-11,NOK,10.391404
2021-08-12,NOK,10.379626
2021-08-13,NOK,10.380419
2021-08-14,NOK,10.384689
2021-08-15,NOK,10.375021
2021-08-16,NOK,10.394795
2020-08-16,GBP,0.904179
2020-08-17,GBP,0.906182
2020-08-18,GBP,0.901402
2020-08-19,GBP,0.903489
2020-08-20,GBP,0.897557
2020-08-21,GBP,0.901245
2020-08-22,GBP,0.901104
2020-08-23,GBP,0.900981
2020-08-24,GBP,0.902437
2020-08-25,GBP,0.900004
2020-08-26,GBP,0.895422
2020-08-27,GBP,0.895549
2020-08-28,GBP,0.891694
2020-08-29,GBP,0.891694
2020-08-30,GBP,0.892345
2020-08-31,GBP,0.893168
2020-09-01,GBP,0.889921
2020-09-02,GBP,0.887658
2020-09-03,GBP,0.892562
2020-09-04,GBP,0.891483
2020-09-05,GBP,0.891483
2020-09-06,GBP,0.893515
2020-09-07,GBP,0.897495
2020-09-08,GBP,0.907659
2020-09-09,GBP,0.907847
2020-09-10,GBP,0.922834
2020-09-11,GBP,0.925799
2020-09-12,GBP,0.925948
2020-09-13,GBP,0.9251
2020-09-14,GBP,0.923496
2020-09-15,GBP,0.919237
2020-09-16,GBP,0.910847
2020-09-17,GBP,0.913312
2020-09-18,GBP,0.916549
2020-09-19,GBP,0.916684
2020-09-20,GBP,0.916188
2020-09-21,GBP,0.918051
2020-09-22,GBP,0.919284
2020-09-23,GBP,0.916538
2020-09-24,GBP,0.915706
2020-09-25,GBP,0.912495
2020-09-26,GBP,0.912633
2020-09-27,GBP,0.911752
2020-09-28,GBP,0.908328
2020-09-29,GBP,0.912874
2020-09-30,GBP,0.907507
2020-10-01,GBP,0.911327
2020-10-02,GBP,0.905934
2020-10-03,GBP,0.905946
2020-10-04,GBP,0.905961
2020-10-05,GBP,0.907459
2020-10-06,GBP,0.911294
2020-10-07,GBP,0.910917
2020-10-08,GBP,0.909355
2020-10-09,GBP,0.906564
2020-10-10,GBP,0.906683
2020-10-11,GBP,0.906598
2020-10-12,GBP,0.904235
2020-10-13,GBP,0.907926
2020-10-14,GBP,0.902694
2020-10-15,GBP,0.907316
2020-10-16,GBP,0.907198
2020-10-17,GBP,0.907085
2020-10-18,GBP,0.906726
2020-10-19,GBP,0.908962
2020-10-20,GBP,0.913383
2020-10-21,GBP,0.902525
2020-10-22,GBP,0.903852
2020-10-23,GBP,0.909149
2020-10-24,GBP,0.909317
2020-10-25,GBP,0.907976
2020-10-26,GBP,0.907119
2020-10-27,GBP,0.904276
2020-10-28,GBP,0.904634
2020-10-29,GBP,0.902687
2020-10-30,GBP,0.901925
2020-10-31,GBP,0.902086
2020-11-01,GBP,0.900355
2020-11-02,GBP,0.901286
2020-11-03,GBP,0.897111
2020-11-04,GBP,0.905716
2020-11-05,GBP,0.899554
2020-11-06,GBP,0.902459
2020-11-07,GBP,0.902478
2020-11-08,GBP,0.903152
2020-11-09,GBP,0.897987
2020-11-10,GBP,0.890655
2020-11-11,GBP,0.890705
2020-11-12,GBP,0.900032
2020-11-13,GBP,0.896991
2020-11-14,GBP,0.896991
2020-11-15,GBP,0.897459
2020-11-16,GBP,0.898518
2020-11-17,GBP,0.894413
2020-11-18,GBP,0.89323
2020-11-19,GBP,0.895698
2020-11-20,GBP,0.892427
2020-11-21,GBP,0.892438
2020-11-22,GBP,0.891803
2020-11-23,GBP,0.888646
2020-11-24,GBP,0.890184
2020-11-25,GBP,0.890287
2020-11-26,GBP,0.89169
2020-11-27,GBP,0.899034
2020-11-28,GBP,0.899091
2020-11-29,GBP,0.897953
2020-11-30,GBP,0.895092
2020-12-01,GBP,0.899154
2020-12-02,GBP,0.905804
2020-12-03,GBP,0.902658
2020-12-04,GBP,0.902046
2020-12-05,GBP,0.902046
2020-12-06,GBP,0.903753
2020-12-07,GBP,0.905653
2020-12-08,GBP,0.906132
2020-12-09,GBP,0.903993
2020-12-10,GBP,0.912871
2020-12-11,GBP,0.915769
2020-12-12,GBP,0.915776
2020-12-13,GBP,0.910523
2020-12-14,GBP,0.911183
2020-12-15,GBP,0.903331
2020-12-16,GBP,0.90334
2020-12-17,GBP,0.903034
2020-12-18,GBP,0.906468
2020-12-19,GBP,0.9064
2020-12-20,GBP,0.910589
2020-12-21,GBP,0.909939
2020-12-22,GBP,0.91028
2020-12-23,GBP,0.902826
2020-12-24,GBP,0.898287
2020-12-25,GBP,0.897827
2020-12-26,GBP,0.897827
2020-12-27,GBP,0.899583
2020-12-28,GBP,0.90753
2020-12-29,GBP,0.907484
2020-12-30,GBP,0.903111
2020-12-31,GBP,0.892135
2021-01-01,GBP,0.890501
2021-01-02,GBP,0.887515
2021-01-03,GBP,0.895456
2021-01-04,GBP,0.902404
2021-01-05,GBP,0.902673
2021-01-06,GBP,0.905747
2021-01-07,GBP,0.904273
2021-01-08,GBP,0.900763
2021-01-09,GBP,0.901183
2021-01-10,GBP,0.901028
2021-01-11,GBP,0.899459
2021-01-12,GBP,0.893337
2021-01-13,GBP,0.891241
2021-01-14,GBP,0.887814
2021-01-15,GBP,0.888641
2021-01-16,GBP,0.88895
2021-01-17,GBP,0.889107
2021-01-18,GBP,0.889142
2021-01-19,GBP,0.889581
2021-01-20,GBP,0.886904
2021-01-21,GBP,0.886069
2021-01-22,GBP,0.889845
2021-01-23,GBP,0.889845
2021-01-24,GBP,0.889487
2021-01-25,GBP,0.888093
2021-01-26,GBP,0.885448
2021-01-27,GBP,0.884379
2021-01-28,GBP,0.883043
2021-01-29,GBP,0.885156
2021-01-30,GBP,0.885723
2021-01-31,GBP,0.885047
2021-02-01,GBP,0.882616
2021-02-02,GBP,0.881466
2021-02-03,GBP,0.881924
2021-02-04,GBP,0.87542
2021-02-05,GBP,0.877156
2021-02-06,GBP,0.877156
2021-02-07,GBP,0.877159
2021-02-08,GBP,0.877142
2021-02-09,GBP,0.877278
2021-02-10,GBP,0.876223
2021-02-11,GBP,0.878077
2021-02-12,GBP,0.875607
2021-02-13,GBP,0.875632
2021-02-14,GBP,0.87482
2021-02-15,GBP,0.871995
2021-02-16,GBP,0.870447
2021-02-17,GBP,0.868966
2021-02-18,GBP,0.865251
2021-02-19,GBP,0.864638
2021-02-20,GBP,0.864663
2021-02-21,GBP,0.865073
2021-02-22,GBP,0.864234
2021-02-23,GBP,0.860835
2021-02-24,GBP,0.86025
2021-02-25,GBP,0.869488
2021-02-26,GBP,0.866936
2021-02-27,GBP,0.866937
2021-02-28,GBP,0.866543
2021-03-01,GBP,0.86518
2021-03-02,GBP,0.866079
2021-03-03,GBP,0.864761
2021-03-04,GBP,0.86178
2021-03-05,GBP,0.861281
2021-03-06,GBP,0.861281
2021-03-07,GBP,0.861109
2021-03-08,GBP,0.857426
2021-03-09,GBP,0.856708
2021-03-10,GBP,0.856005
2021-03-11,GBP,0.85672
2021-03-12,GBP,0.85873
2021-03-13,GBP,0.858718
2021-03-14,GBP,0.858097
2021-03-15,GBP,0.858129
2021-03-16,GBP,0.856344
2021-03-17,GBP,0.857863
2021-03-18,GBP,0.855871
2021-03-19,GBP,0.861138
2021-03-20,GBP,0.861319
2021-03-21,GBP,0.858762
2021-03-22,GBP,0.860897
2021-03-23,GBP,0.861751
2021-03-24,GBP,0.863374
2021-03-25,GBP,0.856878
2021-03-26,GBP,0.855673
2021-03-27,GBP,0.855211
2021-03-28,GBP,0.854797
2021-03-29,GBP,0.854925
2021-03-30,GBP,0.852812
2021-03-31,GBP,0.850752
2021-04-01,GBP,0.851367
2021-04-02,GBP,0.850331
2021-04-03,GBP,0.850244
2021-04-04,GBP,0.850964
2021-04-05,GBP,0.849128
2021-04-06,GBP,0.858885
2021-04-07,GBP,0.86428
2021-04-08,GBP,0.867539
2021-04-09,GBP,0.868133
2021-04-10,GBP,0.868274
2021-04-11,GBP,0.868087
2021-04-12,GBP,0.866561
2021-04-13,GBP,0.868789
2021-04-14,GBP,0.869617
2021-04-15,GBP,0.868333
2021-04-16,GBP,0.866264
2021-04-17,GBP,0.866114
2021-04-18,GBP,0.865538
2021-04-19,GBP,0.860555
2021-04-20,GBP,0.863329
2021-04-21,GBP,0.864086
2021-04-22,GBP,0.868082
2021-04-23,GBP,0.87173
2021-04-24,GBP,0.871641
2021-04-25,GBP,0.871606
2021-04-26,GBP,0.869452
2021-04-27,GBP,0.869574
2021-04-28,GBP,0.869688
2021-04-29,GBP,0.869344
2021-04-30,GBP,0.869938
2021-05-01,GBP,0.869936
2021-05-02,GBP,0.870276
2021-05-03,GBP,0.867363
2021-05-04,GBP,0.864884
2021-05-05,GBP,0.86339
2021-05-06,GBP,0.868083
2021-05-07,GBP,0.869546
2021-05-08,GBP,0.869736
2021-05-09,GBP,0.867307
2021-05-10,GBP,0.859294
2021-05-11,GBP,0.858926
2021-05-12,GBP,0.858627
2021-05-13,GBP,0.859913
2021-05-14,GBP,0.86124
2021-05-15,GBP,0.861344
2021-05-16,GBP,0.861602
2021-05-17,GBP,0.859642
2021-05-18,GBP,0.861517
2021-05-19,GBP,0.862799
2021-05-20,GBP,0.861765
2021-05-21,GBP,0.860747
2021-05-22,GBP,0.860747
2021-05-23,GBP,0.861201
2021-05-24,GBP,0.862948
2021-05-25,GBP,0.866014
2021-05-26,GBP,0.863653
2021-05-27,GBP,0.858428
2021-05-28,GBP,0.859264
2021-05-29,GBP,0.859266
2021-05-30,GBP,0.859545
2021-05-31,GBP,0.860269
2021-06-01,GBP,0.863303
2021-06-02,GBP,0.861776
2021-06-03,GBP,0.859788
2021-06-04,GBP,0.859227
2021-06-05,GBP,0.859177
2021-06-06,GBP,0.859135
2021-06-07,GBP,0.859843
2021-06-08,GBP,0.86032
2021-06-09,GBP,0.862942
2021-06-10,GBP,0.858846
2021-06-11,GBP,0.858334
2021-06-12,GBP,0.858334
2021-06-13,GBP,0.857983
2021-06-14,GBP,0.859132
2021-06-15,GBP,0.861206
2021-06-16,GBP,0.857364
2021-06-17,GBP,0.854972
2021-06-18,GBP,0.858958
2021-06-19,GBP,0.85902
2021-06-20,GBP,0.859268
2021-06-21,GBP,0.855282
2021-06-22,GBP,0.855927
2021-06-23,GBP,0.854315
2021-06-24,GBP,0.857114
2021-06-25,GBP,0.859865
2021-06-26,GBP,0.85964
2021-06-27,GBP,0.859544
2021-06-28,GBP,0.859228
2021-06-29,GBP,0.859584
2021-06-30,GBP,0.857474
2021-07-01,GBP,0.860879
2021-07-02,GBP,0.858252
2021-07-03,GBP,0.858372
2021-07-04,GBP,0.857383
2021-07-05,GBP,0.856235
2021-07-06,GBP,0.856531
2021-07-07,GBP,0.85469
2021-07-08,GBP,0.859236
2021-07-09,GBP,0.854072
2021-07-10,GBP,0.854307
2021-07-11,GBP,0.854417
2021-07-12,GBP,0.85437
2021-07-13,GBP,0.8527
2021-07-14,GBP,0.85405
2021-07-15,GBP,0.854197
2021-07-16,GBP,0.85773
2021-07-17,GBP,0.857639
2021-07-18,GBP,0.858123
2021-07-19,GBP,0.862809
2021-07-20,GBP,0.864513
2021-07-21,GBP,0.859869
2021-07-22,GBP,0.855052
2021-07-23,GBP,0.856296
2021-07-24,GBP,0.856381
2021-07-25,GBP,0.855973
2021-07-26,GBP,0.854023
2021-07-27,GBP,0.851862
2021-07-28,GBP,0.852003
2021-07-29,GBP,0.850811
2021-07-30,GBP,0.853274
2021-07-31,GBP,0.853534
2021-08-01,GBP,0.854085
2021-08-02,GBP,0.855639
2021-08-03,GBP,0.853558
2021-08-04,GBP,0.851881
2021-08-05,GBP,0.849286
2021-08-06,GBP,0.848268
2021-08-07,GBP,0.847631
2021-08-08,GBP,0.848791
2021-08-09,GBP,0.847711
2021-08-10,GBP,0.847474
2021-08-11,GBP,0.846628
2021-08-12,GBP,0.850397
2021-08-13,GBP,0.851196
2021-08-14,GBP,0.851653
2021-08-15,GBP,0.84984
2021-08-16,GBP,0.850818
2020-08-16,DKK,7.447647
2020-08-17,DKK,7.447415
2020-08-18,DKK,7.445591
2020-08-19,DKK,7.445591
2020-08-20,DKK,7.444383
2020-08-21,DKK,7.444494
2020-08-22,DKK,7.444177
2020-08-23,DKK,7.445329
2020-08-24,DKK,7.442814
2020-08-25,DKK,7.443099
2020-08-26,DKK,7.443262
2020-08-27,DKK,7.443116
2020-08-28,DKK,7.442204
2020-08-29,DKK,7.442204
2020-08-30,DKK,7.442342
2020-08-31,DKK,7.443379
2020-09-01,DKK,7.444003
2020-09-02,DKK,7.441856
2020-09-03,DKK,7.440577
2020-09-04,DKK,7.440075
2020-09-05,DKK,7.440075
2020-09-06,DKK,7.440069
2020-09-07,DKK,7.440862
2020-09-08,DKK,7.441206
2020-09-09,DKK,7.440261
2020-09-10,DKK,7.440451
2020-09-11,DKK,7.438977
2020-09-12,DKK,7.440171
2020-09-13,DKK,7.440178
2020-09-14,DKK,7.440131
2020-09-15,DKK,7.440446
2020-09-16,DKK,7.440033
2020-09-17,DKK,7.44035
2020-09-18,DKK,7.439357
2020-09-19,DKK,7.439765
2020-09-20,DKK,7.440779
2020-09-21,DKK,7.440674
2020-09-22,DKK,7.441386
2020-09-23,DKK,7.443182
2020-09-24,DKK,7.446007
2020-09-25,DKK,7.444436
2020-09-26,DKK,7.444788
2020-09-27,DKK,7.445715
2020-09-28,DKK,7.445244
2020-09-29,DKK,7.446152
2020-09-30,DKK,7.444922
2020-10-01,DKK,7.44346
2020-10-02,DKK,7.443043
2020-10-03,DKK,7.443139
2020-10-04,DKK,7.441736
2020-10-05,DKK,7.440994
2020-10-06,DKK,7.441277
2020-10-07,DKK,7.442927
2020-10-08,DKK,7.442791
2020-10-09,DKK,7.441064
2020-10-10,DKK,7.442038
2020-10-11,DKK,7.441568
2020-10-12,DKK,7.441675
2020-10-13,DKK,7.443105
2020-10-14,DKK,7.443174
2020-10-15,DKK,7.442923
2020-10-16,DKK,7.441886
2020-10-17,DKK,7.440957
2020-10-18,DKK,7.44179
2020-10-19,DKK,7.441634
2020-10-20,DKK,7.443286
2020-10-21,DKK,7.441243
2020-10-22,DKK,7.440896
2020-10-23,DKK,7.440915
2020-10-24,DKK,7.442295
2020-10-25,DKK,7.441769
2020-10-26,DKK,7.440543
2020-10-27,DKK,7.440839
2020-10-28,DKK,7.444734
2020-10-29,DKK,7.445298
2020-10-30,DKK,7.46258
2020-10-31,DKK,7.463907
2020-11-01,DKK,7.445197
2020-11-02,DKK,7.446638
2020-11-03,DKK,7.447186
2020-11-04,DKK,7.444907
2020-11-05,DKK,7.447644
2020-11-06,DKK,7.451912
2020-11-07,DKK,7.452069
2020-11-08,DKK,7.452758
2020-11-09,DKK,7.446337
2020-11-10,DKK,7.445695
2020-11-11,DKK,7.445602
2020-11-12,DKK,7.446115
2020-11-13,DKK,7.449926
2020-11-14,DKK,7.45111
2020-11-15,DKK,7.452909
2020-11-16,DKK,7.446491
2020-11-17,DKK,7.4482
2020-11-18,DKK,7.452428
2020-11-19,DKK,7.45129
2020-11-20,DKK,7.448099
2020-11-21,DKK,7.448191
2020-11-22,DKK,7.447812
2020-11-23,DKK,7.445288
2020-11-24,DKK,7.443165
2020-11-25,DKK,7.443263
2020-11-26,DKK,7.443535
2020-11-27,DKK,7.442062
2020-11-28,DKK,7.442529
2020-11-29,DKK,7.443028
2020-11-30,DKK,7.442569
2020-12-01,DKK,7.444106
2020-12-02,DKK,7.44462
2020-12-03,DKK,7.444355
2020-12-04,DKK,7.443431
2020-12-05,DKK,7.443431
2020-12-06,DKK,7.4436
2020-12-07,DKK,7.444127
2020-12-08,DKK,7.443395
2020-12-09,DKK,7.443892
2020-12-10,DKK,7.444006
2020-12-11,DKK,7.440458
2020-12-12,DKK,7.440519
2020-12-13,DKK,7.441517
2020-12-14,DKK,7.442007
2020-12-15,DKK,7.441834
2020-12-16,DKK,7.441223
2020-12-17,DKK,7.440664
2020-12-18,DKK,7.43856
2020-12-19,DKK,7.43856
2020-12-20,DKK,7.439633
2020-12-21,DKK,7.43869
2020-12-22,DKK,7.439451
2020-12-23,DKK,7.438881
2020-12-24,DKK,7.439
2020-12-25,DKK,7.435626
2020-12-26,DKK,7.435626
2020-12-27,DKK,7.438622
2020-12-28,DKK,7.435446
2020-12-29,DKK,7.438978
2020-12-30,DKK,7.44165
2020-12-31,DKK,7.439487
2021-01-01,DKK,7.418605
2021-01-02,DKK,7.393733
2021-01-03,DKK,7.441351
2021-01-04,DKK,7.439977
2021-01-05,DKK,7.43947
2021-01-06,DKK,7.439641
2021-01-07,DKK,7.439358
2021-01-08,DKK,7.436759
2021-01-09,DKK,7.439681
2021-01-10,DKK,7.436835
2021-01-11,DKK,7.438141
2021-01-12,DKK,7.439348
2021-01-13,DKK,7.439459
2021-01-14,DKK,7.439083
2021-01-15,DKK,7.439049
2021-01-16,DKK,7.438194
2021-01-17,DKK,7.438151
2021-01-18,DKK,7.439735
2021-01-19,DKK,7.439211
2021-01-20,DKK,7.438649
2021-01-21,DKK,7.439816
2021-01-22,DKK,7.44078
2021-01-23,DKK,7.44078
2021-01-24,DKK,7.43959
2021-01-25,DKK,7.439621
2021-01-26,DKK,7.439574
2021-01-27,DKK,7.437555
2021-01-28,DKK,7.437568
2021-01-29,DKK,7.43862
2021-01-30,DKK,7.437981
2021-01-31,DKK,7.437677
2021-02-01,DKK,7.437183
2021-02-02,DKK,7.437969
2021-02-03,DKK,7.438276
2021-02-04,DKK,7.436429
2021-02-05,DKK,7.43577
2021-02-06,DKK,7.43577
2021-02-07,DKK,7.435981
2021-02-08,DKK,7.438348
2021-02-09,DKK,7.437336
2021-02-10,DKK,7.437513
2021-02-11,DKK,7.437411
2021-02-12,DKK,7.436439
2021-02-13,DKK,7.436775
2021-02-14,DKK,7.436749
2021-02-15,DKK,7.436481
2021-02-16,DKK,7.436103
2021-02-17,DKK,7.436437
2021-02-18,DKK,7.436591
2021-02-19,DKK,7.436573
2021-02-20,DKK,7.436788
2021-02-21,DKK,7.436997
2021-02-22,DKK,7.437927
2021-02-23,DKK,7.436692
2021-02-24,DKK,7.436561
2021-02-25,DKK,7.436455
2021-02-26,DKK,7.435857
2021-02-27,DKK,7.43587
2021-02-28,DKK,7.437123
2021-03-01,DKK,7.435999
2021-03-02,DKK,7.436424
2021-03-03,DKK,7.435945
2021-03-04,DKK,7.436075
2021-03-05,DKK,7.43803
2021-03-06,DKK,7.43803
2021-03-07,DKK,7.436111
2021-03-08,DKK,7.43616
2021-03-09,DKK,7.436836
2021-03-10,DKK,7.436577
2021-03-11,DKK,7.43658
2021-03-12,DKK,7.436398
2021-03-13,DKK,7.436296
2021-03-14,DKK,7.436624
2021-03-15,DKK,7.436396
2021-03-16,DKK,7.435845
2021-03-17,DKK,7.435628
2021-03-18,DKK,7.435323
2021-03-19,DKK,7.462739
2021-03-20,DKK,7.462739
2021-03-21,DKK,7.436036
2021-03-22,DKK,7.436177
2021-03-23,DKK,7.435752
2021-03-24,DKK,7.435978
2021-03-25,DKK,7.436036
2021-03-26,DKK,7.437196
2021-03-27,DKK,7.437196
2021-03-28,DKK,7.436192
2021-03-29,DKK,7.43571
2021-03-30,DKK,7.43758
2021-03-31,DKK,7.437981
2021-04-01,DKK,7.437695
2021-04-02,DKK,7.438516
2021-04-03,DKK,7.437757
2021-04-04,DKK,7.437612
2021-04-05,DKK,7.437662
2021-04-06,DKK,7.436842
2021-04-07,DKK,7.437365
2021-04-08,DKK,7.437426
2021-04-09,DKK,7.436929
2021-04-10,DKK,7.43753
2021-04-11,DKK,7.437187
2021-04-12,DKK,7.437558
2021-04-13,DKK,7.437287
2021-04-14,DKK,7.437136
2021-04-15,DKK,7.43697
2021-04-16,DKK,7.436366
2021-04-17,DKK,7.436238
2021-04-18,DKK,7.436367
2021-04-19,DKK,7.436436
2021-04-20,DKK,7.436252
2021-04-21,DKK,7.436575
2021-04-22,DKK,7.436363
2021-04-23,DKK,7.438279
2021-04-24,DKK,7.436602
2021-04-25,DKK,7.436145
2021-04-26,DKK,7.436016
2021-04-27,DKK,7.436545
2021-04-28,DKK,7.435796
2021-04-29,DKK,7.436037
2021-04-30,DKK,7.435287
2021-05-01,DKK,7.435866
2021-05-02,DKK,7.436408
2021-05-03,DKK,7.436499
2021-05-04,DKK,7.436104
2021-05-05,DKK,7.436081
2021-05-06,DKK,7.436386
2021-05-07,DKK,7.436489
2021-05-08,DKK,7.435638
2021-05-09,DKK,7.436171
2021-05-10,DKK,7.435565
2021-05-11,DKK,7.435442
2021-05-12,DKK,7.436129
2021-05-13,DKK,7.436374
2021-05-14,DKK,7.435728
2021-05-15,DKK,7.436631
2021-05-16,DKK,7.436619
2021-05-17,DKK,7.436558
2021-05-18,DKK,7.436228
2021-05-19,DKK,7.435976
2021-05-20,DKK,7.436385
2021-05-21,DKK,7.435384
2021-05-22,DKK,7.435384
2021-05-23,DKK,7.436463
2021-05-24,DKK,7.436504
2021-05-25,DKK,7.436093
2021-05-26,DKK,7.436067
2021-05-27,DKK,7.436537
2021-05-28,DKK,7.436587
2021-05-29,DKK,7.436602
2021-05-30,DKK,7.43673
2021-05-31,DKK,7.437237
2021-06-01,DKK,7.438025
2021-06-02,DKK,7.437322
2021-06-03,DKK,7.436481
2021-06-04,DKK,7.436854
2021-06-05,DKK,7.436421
2021-06-06,DKK,7.436799
2021-06-07,DKK,7.437185
2021-06-08,DKK,7.4368
2021-06-09,DKK,7.436505
2021-06-10,DKK,7.436397
2021-06-11,DKK,7.436936
2021-06-12,DKK,7.436936
2021-06-13,DKK,7.436361
2021-06-14,DKK,7.436347
2021-06-15,DKK,7.436754
2021-06-16,DKK,7.4366
2021-06-17,DKK,7.436974
2021-06-18,DKK,7.436522
2021-06-19,DKK,7.437055
2021-06-20,DKK,7.436218
2021-06-21,DKK,7.43636
2021-06-22,DKK,7.436372
2021-06-23,DKK,7.43622
2021-06-24,DKK,7.436537
2021-06-25,DKK,7.437313
2021-06-26,DKK,7.436441
2021-06-27,DKK,7.436358
2021-06-28,DKK,7.436351
2021-06-29,DKK,7.436064
2021-06-30,DKK,7.436183
2021-07-01,DKK,7.435895
2021-07-02,DKK,7.435138
2021-07-03,DKK,7.435672
2021-07-04,DKK,7.436079
2021-07-05,DKK,7.436267
2021-07-06,DKK,7.435714
2021-07-07,DKK,7.436167
2021-07-08,DKK,7.436622
2021-07-09,DKK,7.437562
2021-07-10,DKK,7.437122
2021-07-11,DKK,7.436913
2021-07-12,DKK,7.437389
2021-07-13,DKK,7.436886
2021-07-14,DKK,7.43772
2021-07-15,DKK,7.437425
2021-07-16,DKK,7.43813
2021-07-17,DKK,7.437402
2021-07-18,DKK,7.436809
2021-07-19,DKK,7.438358
2021-07-20,DKK,7.438483
2021-07-21,DKK,7.43838
2021-07-22,DKK,7.437818
2021-07-23,DKK,7.436627
2021-07-24,DKK,7.431833
2021-07-25,DKK,7.435506
2021-07-26,DKK,7.436038
2021-07-27,DKK,7.438009
2021-07-28,DKK,7.431908
2021-07-29,DKK,7.435283
2021-07-30,DKK,7.436718
2021-07-31,DKK,7.436407
2021-08-01,DKK,7.431277
2021-08-02,DKK,7.438138
2021-08-03,DKK,7.437671
2021-08-04,DKK,7.429405
2021-08-05,DKK,7.431927
2021-08-06,DKK,7.434932
2021-08-07,DKK,7.434355
2021-08-08,DKK,7.436202
2021-08-09,DKK,7.433582
2021-08-10,DKK,7.433103
2021-08-11,DKK,7.432443
2021-08-12,DKK,7.434925
2021-08-13,DKK,7.431331
2021-08-14,DKK,7.434266
2021-08-15,DKK,7.432732
2021-08-16,DKK,7.433596
2020-08-16,CHF,1.076535
2020-08-17,CHF,1.076441
2020-08-18,CHF,1.07839
2020-08-19,CHF,1.083629
2020-08-20,CHF,1.076615
2020-08-21,CHF,1.074835
2020-08-22,CHF,1.07479
2020-08-23,CHF,1.075746
2020-08-24,CHF,1.075657
2020-08-25,CHF,1.074402
2020-08-26,CHF,1.07441
2020-08-27,CHF,1.074814
2020-08-28,CHF,1.076404
2020-08-29,CHF,1.076426
2020-08-30,CHF,1.076489
2020-08-31,CHF,1.07895
2020-09-01,CHF,1.084011
2020-09-02,CHF,1.080063
2020-09-03,CHF,1.077862
2020-09-04,CHF,1.080625
2020-09-05,CHF,1.080625
2020-09-06,CHF,1.081451
2020-09-07,CHF,1.08294
2020-09-08,CHF,1.080468
2020-09-09,CHF,1.077043
2020-09-10,CHF,1.076239
2020-09-11,CHF,1.077008
2020-09-12,CHF,1.076817
2020-09-13,CHF,1.076484
2020-09-14,CHF,1.078138
2020-09-15,CHF,1.075929
2020-09-16,CHF,1.07499
2020-09-17,CHF,1.076394
2020-09-18,CHF,1.079199
2020-09-19,CHF,1.079258
2020-09-20,CHF,1.078789
2020-09-21,CHF,1.076491
2020-09-22,CHF,1.077076
2020-09-23,CHF,1.077673
2020-09-24,CHF,1.081851
2020-09-25,CHF,1.080599
2020-09-26,CHF,1.080557
2020-09-27,CHF,1.079926
2020-09-28,CHF,1.07883
2020-09-29,CHF,1.079503
2020-09-30,CHF,1.079992
2020-10-01,CHF,1.079314
2020-10-02,CHF,1.078262
2020-10-03,CHF,1.078891
2020-10-04,CHF,1.075282
2020-10-05,CHF,1.078815
2020-10-06,CHF,1.077152
2020-10-07,CHF,1.078937
2020-10-08,CHF,1.078779
2020-10-09,CHF,1.076193
2020-10-10,CHF,1.076083
2020-10-11,CHF,1.075848
2020-10-12,CHF,1.073964
2020-10-13,CHF,1.074825
2020-10-14,CHF,1.072835
2020-10-15,CHF,1.07066
2020-10-16,CHF,1.071984
2020-10-17,CHF,1.07185
2020-10-18,CHF,1.071988
2020-10-19,CHF,1.071569
2020-10-20,CHF,1.072563
2020-10-21,CHF,1.073959
2020-10-22,CHF,1.072566
2020-10-23,CHF,1.072823
2020-10-24,CHF,1.07254
2020-10-25,CHF,1.071739
2020-10-26,CHF,1.072386
2020-10-27,CHF,1.071229
2020-10-28,CHF,1.069583
2020-10-29,CHF,1.068898
2020-10-30,CHF,1.07171
2020-10-31,CHF,1.071971
2020-11-01,CHF,1.067586
2020-11-02,CHF,1.069364
2020-11-03,CHF,1.069973
2020-11-04,CHF,1.070108
2020-11-05,CHF,1.069988
2020-11-06,CHF,1.068962
2020-11-07,CHF,1.068985
2020-11-08,CHF,1.069613
2020-11-09,CHF,1.079751
2020-11-10,CHF,1.081196
2020-11-11,CHF,1.080062
2020-11-12,CHF,1.080081
2020-11-13,CHF,1.080042
2020-11-14,CHF,1.080515
2020-11-15,CHF,1.08047
2020-11-16,CHF,1.081933
2020-11-17,CHF,1.081083
2020-11-18,CHF,1.080132
2020-11-19,CHF,1.081439
2020-11-20,CHF,1.08008
2020-11-21,CHF,1.080093
2020-11-22,CHF,1.080664
2020-11-23,CHF,1.080418
2020-11-24,CHF,1.083522
2020-11-25,CHF,1.082403
2020-11-26,CHF,1.080032
2020-11-27,CHF,1.082156
2020-11-28,CHF,1.082775
2020-11-29,CHF,1.082336
2020-11-30,CHF,1.083421
2020-12-01,CHF,1.086169
2020-12-02,CHF,1.083846
2020-12-03,CHF,1.081957
2020-12-04,CHF,1.081679
2020-12-05,CHF,1.081679
2020-12-06,CHF,1.08103
2020-12-07,CHF,1.078777
2020-12-08,CHF,1.076258
2020-12-09,CHF,1.074535
2020-12-10,CHF,1.075697
2020-12-11,CHF,1.077456
2020-12-12,CHF,1.077465
2020-12-13,CHF,1.078127
2020-12-14,CHF,1.076831
2020-12-15,CHF,1.076363
2020-12-16,CHF,1.079765
2020-12-17,CHF,1.084789
2020-12-18,CHF,1.082264
2020-12-19,CHF,1.082695
2020-12-20,CHF,1.08248
2020-12-21,CHF,1.084763
2020-12-22,CHF,1.081978
2020-12-23,CHF,1.083053
2020-12-24,CHF,1.085462
2020-12-25,CHF,1.084614
2020-12-26,CHF,1.084614
2020-12-27,CHF,1.084772
2020-12-28,CHF,1.085717
2020-12-29,CHF,1.082948
2020-12-30,CHF,1.084071
2020-12-31,CHF,1.082473
2021-01-01,CHF,1.083648
2021-01-02,CHF,1.080106
2021-01-03,CHF,1.081449
2021-01-04,CHF,1.079449
2021-01-05,CHF,1.080174
2021-01-06,CHF,1.08329
2021-01-07,CHF,1.085955
2021-01-08,CHF,1.081871
2021-01-09,CHF,1.082591
2021-01-10,CHF,1.082412
2021-01-11,CHF,1.082003
2021-01-12,CHF,1.08224
2021-01-13,CHF,1.079214
2021-01-14,CHF,1.079365
2021-01-15,CHF,1.076386
2021-01-16,CHF,1.07605
2021-01-17,CHF,1.075874
2021-01-18,CHF,1.07584
2021-01-19,CHF,1.077713
2021-01-20,CHF,1.077093
2021-01-21,CHF,1.077031
2021-01-22,CHF,1.077245
2021-01-23,CHF,1.077731
2021-01-24,CHF,1.077688
2021-01-25,CHF,1.078285
2021-01-26,CHF,1.078563
2021-01-27,CHF,1.076102
2021-01-28,CHF,1.077056
2021-01-29,CHF,1.081665
2021-01-30,CHF,1.080935
2021-01-31,CHF,1.079989
2021-02-01,CHF,1.082029
2021-02-02,CHF,1.08099
2021-02-03,CHF,1.081982
2021-02-04,CHF,1.081932
2021-02-05,CHF,1.083149
2021-02-06,CHF,1.083292
2021-02-07,CHF,1.082792
2021-02-08,CHF,1.082989
2021-02-09,CHF,1.081521
2021-02-10,CHF,1.079071
2021-02-11,CHF,1.07982
2021-02-12,CHF,1.08039
2021-02-13,CHF,1.080442
2021-02-14,CHF,1.080915
2021-02-15,CHF,1.079745
2021-02-16,CHF,1.080331
2021-02-17,CHF,1.082214
2021-02-18,CHF,1.083525
2021-02-19,CHF,1.086673
2021-02-20,CHF,1.086704
2021-02-21,CHF,1.086217
2021-02-22,CHF,1.089858
2021-02-23,CHF,1.099718
2021-02-24,CHF,1.103152
2021-02-25,CHF,1.101988
2021-02-26,CHF,1.096532
2021-02-27,CHF,1.096534
2021-02-28,CHF,1.096765
2021-03-01,CHF,1.102185
2021-03-02,CHF,1.105657
2021-03-03,CHF,1.109545
2021-03-04,CHF,1.112535
2021-03-05,CHF,1.10905
2021-03-06,CHF,1.10905
2021-03-07,CHF,1.109553
2021-03-08,CHF,1.10954
2021-03-09,CHF,1.104153
2021-03-10,CHF,1.108484
2021-03-11,CHF,1.107606
2021-03-12,CHF,1.111513
2021-03-13,CHF,1.111498
2021-03-14,CHF,1.110463
2021-03-15,CHF,1.106331
2021-03-16,CHF,1.100701
2021-03-17,CHF,1.105004
2021-03-18,CHF,1.105359
2021-03-19,CHF,1.110757
2021-03-20,CHF,1.110757
2021-03-21,CHF,1.105004
2021-03-22,CHF,1.101842
2021-03-23,CHF,1.10659
2021-03-24,CHF,1.105552
2021-03-25,CHF,1.106297
2021-03-26,CHF,1.107755
2021-03-27,CHF,1.10784
2021-03-28,CHF,1.107355
2021-03-29,CHF,1.104976
2021-03-30,CHF,1.104012
2021-03-31,CHF,1.106956
2021-04-01,CHF,1.109607
2021-04-02,CHF,1.108626
2021-04-03,CHF,1.108513
2021-04-04,CHF,1.108975
2021-04-05,CHF,1.10635
2021-04-06,CHF,1.105246
2021-04-07,CHF,1.103302
2021-04-08,CHF,1.101053
2021-04-09,CHF,1.100099
2021-04-10,CHF,1.100664
2021-04-11,CHF,1.101062
2021-04-12,CHF,1.098813
2021-04-13,CHF,1.100153
2021-04-14,CHF,1.105975
2021-04-15,CHF,1.103641
2021-04-16,CHF,1.102661
2021-04-17,CHF,1.1024
2021-04-18,CHF,1.1022
2021-04-19,CHF,1.101614
2021-04-20,CHF,1.102198
2021-04-21,CHF,1.103431
2021-04-22,CHF,1.101983
2021-04-23,CHF,1.105814
2021-04-24,CHF,1.105969
2021-04-25,CHF,1.104868
2021-04-26,CHF,1.104917
2021-04-27,CHF,1.105041
2021-04-28,CHF,1.102847
2021-04-29,CHF,1.101868
2021-04-30,CHF,1.09715
2021-05-01,CHF,1.097665
2021-05-02,CHF,1.097987
2021-05-03,CHF,1.099268
2021-05-04,CHF,1.097657
2021-05-05,CHF,1.096363
2021-05-06,CHF,1.095091
2021-05-07,CHF,1.096416
2021-05-08,CHF,1.09565
2021-05-09,CHF,1.09571
2021-05-10,CHF,1.093526
2021-05-11,CHF,1.097608
2021-05-12,CHF,1.097529
2021-05-13,CHF,1.094068
2021-05-14,CHF,1.09504
2021-05-15,CHF,1.095173
2021-05-16,CHF,1.095266
2021-05-17,CHF,1.097868
2021-05-18,CHF,1.097184
2021-05-19,CHF,1.100323
2021-05-20,CHF,1.097357
2021-05-21,CHF,1.093661
2021-05-22,CHF,1.093781
2021-05-23,CHF,1.09349
2021-05-24,CHF,1.095651
2021-05-25,CHF,1.096975
2021-05-26,CHF,1.094554
2021-05-27,CHF,1.093955
2021-05-28,CHF,1.097192
2021-05-29,CHF,1.097158
2021-05-30,CHF,1.09706
2021-05-31,CHF,1.098798
2021-06-01,CHF,1.096208
2021-06-02,CHF,1.096635
2021-06-03,CHF,1.096131
2021-06-04,CHF,1.093806
2021-06-05,CHF,1.09387
2021-06-06,CHF,1.093828
2021-06-07,CHF,1.094346
2021-06-08,CHF,1.091723
2021-06-09,CHF,1.090947
2021-06-10,CHF,1.089192
2021-06-11,CHF,1.08696
2021-06-12,CHF,1.087746
2021-06-13,CHF,1.087689
2021-06-14,CHF,1.090271
2021-06-15,CHF,1.089442
2021-06-16,CHF,1.090058
2021-06-17,CHF,1.092972
2021-06-18,CHF,1.09506
2021-06-19,CHF,1.095139
2021-06-20,CHF,1.094984
2021-06-21,CHF,1.09403
2021-06-22,CHF,1.09658
2021-06-23,CHF,1.095516
2021-06-24,CHF,1.09528
2021-06-25,CHF,1.094613
2021-06-26,CHF,1.094485
2021-06-27,CHF,1.09469
2021-06-28,CHF,1.096861
2021-06-29,CHF,1.095997
2021-06-30,CHF,1.097163
2021-07-01,CHF,1.096878
2021-07-02,CHF,1.09288
2021-07-03,CHF,1.09266
2021-07-04,CHF,1.092898
2021-07-05,CHF,1.09388
2021-07-06,CHF,1.09298
2021-07-07,CHF,1.091679
2021-07-08,CHF,1.083772
2021-07-09,CHF,1.085519
2021-07-10,CHF,1.08545
2021-07-11,CHF,1.085833
2021-07-12,CHF,1.085561
2021-07-13,CHF,1.081942
2021-07-14,CHF,1.082396
2021-07-15,CHF,1.084213
2021-07-16,CHF,1.085917
2021-07-17,CHF,1.084851
2021-07-18,CHF,1.085521
2021-07-19,CHF,1.083257
2021-07-20,CHF,1.085318
2021-07-21,CHF,1.082059
2021-07-22,CHF,1.082029
2021-07-23,CHF,1.082768
2021-07-24,CHF,1.083185
2021-07-25,CHF,1.082929
2021-07-26,CHF,1.081015
2021-07-27,CHF,1.080977
2021-07-28,CHF,1.077891
2021-07-29,CHF,1.077528
2021-07-30,CHF,1.074226
2021-07-31,CHF,1.075649
2021-08-01,CHF,1.074664
2021-08-02,CHF,1.075242
2021-08-03,CHF,1.073026
2021-08-04,CHF,1.072167
2021-08-05,CHF,1.072717
2021-08-06,CHF,1.075754
2021-08-07,CHF,1.075467
2021-08-08,CHF,1.07761
2021-08-09,CHF,1.081194
2021-08-10,CHF,1.082086
2021-08-11,CHF,1.081938
2021-08-12,CHF,1.084172
2021-08-13,CHF,1.079968
2021-08-14,CHF,1.079987
2021-08-15,CHF,1.080217
2021-08-16,CHF,1.075443
